{
  "id": "",
  "name": "",
  "font_family": "iconfont",
  "css_prefix_text": "icon-",
  "description": "",
  "glyphs": [
    {
      "icon_id": "423047",
      "name": "收藏负形",
      "font_class": "shoucangfuxing",
      "unicode": "e672",
      "unicode_decimal": 58994
    },
    {
      "icon_id": "423048",
      "name": "收藏正形",
      "font_class": "shoucangzhengxing",
      "unicode": "e673",
      "unicode_decimal": 58995
    },
    {
      "icon_id": "579286",
      "name": "点赞",
      "font_class": "dianzan",
      "unicode": "e60c",
      "unicode_decimal": 58892
    },
    {
      "icon_id": "880163",
      "name": "评论",
      "font_class": "pinglun",
      "unicode": "e603",
      "unicode_decimal": 58883
    },
    {
      "icon_id": "886699",
      "name": "点赞",
      "font_class": "dianzan1",
      "unicode": "e611",
      "unicode_decimal": 58897
    },
    {
      "icon_id": "1603699",
      "name": "收藏",
      "font_class": "shoucang",
      "unicode": "e618",
      "unicode_decimal": 58904
    },
    {
      "icon_id": "2116294",
      "name": "分享",
      "font_class": "share_icon",
      "unicode": "e662",
      "unicode_decimal": 58978
    },
    {
      "icon_id": "4735320",
      "name": "icon_点赞-线",
      "font_class": "icon_dianzan-xian",
      "unicode": "e64a",
      "unicode_decimal": 58954
    },
    {
      "icon_id": "4735325",
      "name": "icon_点赞-面",
      "font_class": "icon_dianzan-mian",
      "unicode": "e64c",
      "unicode_decimal": 58956
    },
    {
      "icon_id": "7766786",
      "name": "icon_send",
      "font_class": "icon_send",
      "unicode": "eb9d",
      "unicode_decimal": 60317
    },
    {
      "icon_id": "11372651",
      "name": "点赞",
      "font_class": "dianzan2",
      "unicode": "e8ad",
      "unicode_decimal": 59565
    },
    {
      "icon_id": "11372659",
      "name": "更多",
      "font_class": "gengduo",
      "unicode": "e8af",
      "unicode_decimal": 59567
    },
    {
      "icon_id": "11372666",
      "name": "分享",
      "font_class": "fenxiang",
      "unicode": "e8b0",
      "unicode_decimal": 59568
    },
    {
      "icon_id": "11372687",
      "name": "评论",
      "font_class": "pinglun1",
      "unicode": "e8b4",
      "unicode_decimal": 59572
    },
    {
      "icon_id": "11372720",
      "name": "想看",
      "font_class": "xiangkan",
      "unicode": "e8bc",
      "unicode_decimal": 59580
    },
    {
      "icon_id": "11372722",
      "name": "消息",
      "font_class": "xiaoxi",
      "unicode": "e8bd",
      "unicode_decimal": 59581
    },
    {
      "icon_id": "11372730",
      "name": "已想看",
      "font_class": "yixiangkan",
      "unicode": "e8bf",
      "unicode_decimal": 59583
    },
    {
      "icon_id": "11372758",
      "name": "点赞",
      "font_class": "dianzan3",
      "unicode": "e8c3",
      "unicode_decimal": 59587
    },
    {
      "icon_id": "11372767",
      "name": "会员",
      "font_class": "huiyuan",
      "unicode": "e8c5",
      "unicode_decimal": 59589
    }
  ]
}
